teslamotors,TeslaLounge,electricvehicles,teslainvestorsclub
youtubers,NewTubers,SubForSub,youtube,Sub4Sub,YouTube_startups,GetMoreViewsYT,SmallYoutubers,SmallYTChannel
Advice,dating_advice,dating,AmItheAsshole,relationship_advice
arknights,girlsfrontline,AzureLane,fatestaynight,WorldOfWarships,grandorder
mcrealmsservers,MinecraftServer,mcservers,MinecraftBuddies,MCVanillaServers
NFA,gundeals,GunAccessoriesForSale,ar15,guns
hometheater,HeadphoneAdvice,headphones,BudgetAudiophile,vinyl,audiophile
NianticWayfarer,PokemonGoFriends,TheSilphRoad,pokemongo,TheSilphArena
reddeadfashion,reddeadredemption,RedDeadOnline,reddeadredemption2
FortNiteBR,FortniteSavetheWorld,FORTnITE,FortniteCompetitive
Chodi,IndiaSpeaks,indianews,india
SteamGameSwap,indiegameswap,IGSRep,TradeLOLAccounts,SellAccounts,GameTrade,GamingMarket
3d6,DnD,DMAcademy,dndnext,DungeonsAndDragons
Pete_Buttigieg,neoliberal,Enough_Sanders_Spam,JoeBiden
pokemon,pokemontrades,Pokemongiveaway,PokemonHome,CasualPokemonTrades,SwordAndShieldTrades,PokemonSwordAndShield
shrooms,meth,researchchemicals,heroin,LSD,Drugs,Stims,DMT,opiates,unclebens,cocaine,MDMA,Psychonaut,benzodiazepines,OpiateChurch,MushroomGrowers,shroomers
Warhammer,minipainting,Warhammer40k,40kLore,Grimdank,ageofsigmar
PewdiepieSubmissions,memes,teenagers,dankmemes
GTAV,gtaheistcrews,gtaonline,HeistTeams
AVexchange,homelabsales,mechmarket,hardwareswap,GameSale,gameswap,appleswap,MechanicalKeyboards
commissions,artstore,HungryArtists,artcommissions,hireanartist
GrowingMarijuana,cannabiscultivation,microgrowery,MephHeads,Autoflowers
playark,ARKServers,ARK,ARK_pc,playarkservers
comicbooks,DC_Cinematic,DCcomics,Marvel
acturnips,AnimalCrossingNewLeaf,AnimalCrossingTrading,ACNHvillagertrade,ACTrade,ACVillager,Dodocodes,BuddyCrossing
learnmath,statistics,askmath,chemhelp,HomeworkHelp,cheatatmathhomework,AskStatistics
PremiumAccounts,forhire,redditbay,jobbit,slavelabour,freelance_forhire,hiring
TrueChristian,atheism,Christian,Christianity
twitchstreams,Twitch_Startup,Twitch,streaming,obs
MaddenCFM,Madden,CFMmadden,MaddenUltimateTeam
careeradvice,jobs,findapath,careerguidance
LGBDropTheT,FemaleDatingStrategy,PinkpillFeminism,GenderCritical
Cartalk,AskMechanics,MechanicAdvice,cars
LOONA,unpopularkpopopinions,kpophelp,iZone,kpop,kpopthoughts,bangtan
legaladvice,legaladviceofftopic,AskUK,LegalAdviceUK
OculusQuest,Vive,virtualreality,ValveIndex,oculus,SteamVR
CryptoCurrency,btc,BitcoinBeginners,Bitcoin
Fallout76Marketplace,fo76,Fallout,Market76
MLQuestions,MachineLearning,learnmachinelearning,datascience
smallbusiness,Entrepreneur,EntrepreneurRideAlong,startup,startups
FashionReps,DesignerReps,FashionRepsBST,Repsneakers
wallstreetbets,stocks,investing,StockMarket
shitpostemblem,FireEmblemHeroes,fireemblem,FireEmblemThreeHouses
spikes,MagicArena,magicTCG,CompetitiveEDH,EDH,mtgfinance
MbtiTypeMe,INTP,infp,mbti,intj,ENFP,entp
medical,medical_advice,AskDocs,DiagnoseMe
csMajors,Python,cscareerquestions,AskProgramming,learnpython,learnprogramming
macbook,MacOS,macbookpro,applehelp,iphonehelp,mac
RedditSessions,talentShow,pan,whereintheworld,TheYouShow,distantsocializing,AnimalsOnReddit,TheArtistStudio,RedditInTheKitchen,TheGamerLounge
borderlands3,PandoranRedCross,BorderlandsGuns,Borderlands3Exchange,Borderlands
indiegames,Unity3D,IndieGaming,gamedev,unity,gamedesign,unrealengine,IndieDev,Unity2D
ableton,synthrecipes,musicproduction,edmproduction,WeAreTheMusicMakers
buildmeapc,buildapcforme,buildapc,pcmasterrace,techsupport
FeetLoversHeaven,FeetToesAndSocks,feetpics,VerifiedFeet
InstacartShoppers,doordash,doordash_drivers,grubhubdrivers
LeagueConnect,GamerPals,PSNFriends,TeamRedditTeams,LeagueOfDerp,XboxOneGamers
Csgotrading,GlobalOffensiveTrade,Dota2Trade,csgotrade
darksouls3,SummonSign,pumparum,DarkSouls2
Psychic,awakened,energy_work,Meditation,spirituality,lawofattraction
alberta,Calgary,CanadaPolitics,Edmonton
vanderpumprules,TeenMomOGandTeenMom2,realhousewives,BravoRealHousewives
Pets,Dogtraining,puppy101,AskVet,dogs
Pikabu,ru,SafeArea,PikabuPolitics
NSFWIAMA,AMA,DirtyConfession,gonewildstories,SluttyConfessions
