help,findareddit
AskEngineers,EngineeringStudents,engineering
LSAT,lawschooladmissions,LawSchool
kotakuinaction2,KotakuInAction
Wishlist,Random_Acts_Of_Amazon
survivor,SpoiledSurvivor,BigBrother
Competitiveoverwatch,Overwatch,OverwatchUniversity
China_Flu,Coronavirus
CanadianInvestor,PersonalFinanceCanada
SGExams,singapore
steroids,bodybuilding,Testosterone
PUBGConsole,PUBATTLEGROUNDS
EliteDangerous,EliteMiners
houseplants,plantclinic
bipolar2,bipolar
ac_newhorizons,AnimalCrossing
askcarsales,whatcarshouldIbuy
blackdesertonline,playblackdesert
OnlyFansPromotions,OnlyFans101,Onlyfans_Promo
TexasCuckoldCommunity,TexasSwingers
bourbon,whiskey
orochinho,nhaa
ASUS,ASUSROG
findaleague,DynastyFF
linuxquestions,linux
PiratedGames,Piracy
podcasts,podcasting,podcast
bettafish,Aquariums,PlantedTank
ICanDrawThat,DrawForMe
spacex,SpaceXLounge
running,AdvancedRunning
creepypasta,nosleep,shortscarystories
CollegeBasketball,CFB
egg_irl,traaaaaaannnnnnnnnns
teaching,Teachers
FL_Studio,trapproduction,makinghiphop
newworldgame,New_World_MMO
femalehairadvice,HairDye,Hair
japan,movingtojapan,japanlife
travisscott,liluzivert,playboicarti
dragonballfighterz,dbfz
FIFA,fut
minnesota,Minneapolis,TwinCities
unitedkingdom,ukpolitics
progun,Firearms
backpacking,solotravel,travel
GradSchool,gradadmissions
Paranormal,Ghosts,Glitch_in_the_Matrix
summonerschool,leagueoflegends
bikewrench,cycling,bicycling
seduction,asktrp
phr4r,alasjuicy,phclassifieds
DataHoarder,homelab
selfharm,MadeOfStyrofoam
montreal,Quebec
PrimeiraLiga,portugal
aspergers,autism
DBZDokkanBattle,DragonballLegends,DokkanBattleCommunity
Brawlstars,BrawlStarsCompetitive
Anki,medicalschoolanki
BollyBlindsNGossip,bollywood
JizzedToThis,JerkOffToCelebs,celebJObuds
blender,blenderhelp
FtMPorn,ftmspunished
ShingekiNoKyojin,titanfolk
AskSF,sanfrancisco,bayarea
skincareexchange,makeupexchange
gallifrey,doctorwho
cinematography,videography,Filmmakers
Makeup,MakeupAddiction
sporetraders,SporeSwap,MycoBazaar
apexlegendslfg,ApexLFG
pureasoiaf,asoiaf
DigitalCodeSELL,uvtrade
learnjavascript,javascript
learndota2,TrueDoTA2
Rateme,TeenAmIUgly,amiugly
ModernWarzone,CODWarzone,modernwarfare
baseballcards,basketballcards
EDanonymemes,EDAnonymous
ThisIsOurMusic,shareyourmusic
GlobalOffensive,csgo
desabafos,brasilivre,brasil
Physics,AskPhysics
tylerthecreator,Golfwang
lovense,ToyControl
college,ApplyingToCollege,chanceme
espresso,Coffee
forhonor,CompetitiveForHonor
diablo3,Diablo
Crypto_General,ICOAnalysis
seattler4r,SeattleGoneWild
furry,furry_irl
CompetitiveTFT,TeamfightTactics
AskHistory,AskHistorians
node,webdev,reactjs
StarWarsLeaks,StarWarsCantina
toronto,askTO,ontario
whowouldwin,CharacterRant
worldnews,politics,news
nursing,Nurse,StudentNurse
RoyaleRecruit,ClashOfClans,ClashOfClansRecruit
brave_browser,BATProject
Asexual,asexuality
Songwriters,Songwriting
Baking,Cooking,AskCulinary
Galaxy_S20,samsung,galaxys10
MLS,AtlantaUnited
Dentistry,Dentists
NMSCoordinateExchange,NoMansSkyTheGame
destiny2,DestinyTheGame,CruciblePlaybook
sissyology,Sissy
Stretched,piercing,PiercingAdvice
preppers,PandemicPreps
mobilelegends,MobileLegendsGame
pregnant,BabyBumps,beyondthebump
DnDHomebrew,UnearthedArcana
WayOfTheBern,OurPresident
EtsySellers,Etsy
Philippines,CasualPH
Breath_of_the_Wild,zelda
Watches,Watchexchange
TurkeyJerky,burdurland,KGBTR
Assistance,SampleSize,psychologyresearch
nyc,nycCoronavirus,AskNYC
GayChubs,gaybears
strikeaposegw,onmww
navy,newtothenavy
depression,SuicideWatch
hacking,HowToHack
simracing,iRacing
gamingsuggestions,ShouldIbuythisgame
IPTV,iptvresellers
GYM,workout
houkai3rd,HonkaiImpact3rd
DecidingToBeBetter,selfimprovement
Wrangler,Jeep
ActionFigures,MarvelLegends
googlesheets,excel
svenskpolitik,sweden
socialmedia,Instagram
Deltarune,Undertale
Chefit,KitchenConfidential
witcher,Witcher3
motorcycles,SuggestAMotorcycle
fantasywriters,worldbuilding,writing
jailbreak,iOSthemes
thesims,Sims4
mentalillness,mentalhealth
hoi4,eu4
Floridar4r,SouthFloridaSluts
Flutter,FlutterDev
penpalsover30,penpals
arduino,ArduinoProjects
RobinHoodPennyStocks,pennystocks
sexystories,sexstories
learnspanish,Spanish
tattoo,tattoos
askgaybros,AskGayMen
LucidDreaming,DreamInterpretation,Dreams
espanol,preguntaleareddit
Mcat,premed
asktransgender,MtF
yugioh,Yugioh101
BPD,BorderlinePDisorder
tax,taxpros
MOMpics,CanadianMOMs
fivenightsatfreddys,5nafcirclejerk
Crushes,Crush
DayZServers,dayz
orthotropics,Mewing
AdvertiseYourVideos,shamelessplug
GeForceNOW,Stadia
AndroidQuestions,androidapps,androiddev
electronic_cigarette,Vaping,Vaping101
BDSMcommunity,BDSMAdvice
starbucksbaristas,starbucks
FlashTV,LegendsOfTomorrow
AMDHelp,Amd
ForzaHorizon,forza
fiaustralia,AusFinance
Wicca,witchcraft,occult
newzealand,auckland
RocketLeagueExchange,RocketLeague,rocket_league_trading
Dynavap,vaporents
baldursgate,BaldursGate3
IndiansGoneWild,DesiDesire
dotnet,csharp
flying,aviation
UTM,uwaterloo,UofT
huntersbell,bloodborne
Referral,referralcodes
GCTrading,giftcardexchange,GCXRep
losangelespersonals,orangecountypersonals
survivinginfidelity,AsOneAfterInfidelity
SpoiledDragRace,rupaulsdragrace
smashbros,SmashBrosUltimate
shopify,dropship,ecommerce
Roleplay,RoleplayPartnerSearch
CODMobile,CallOfDutyMobile
AskMtFHRT,TransDIY
BreakUps,heartbreak,ExNoContact
askteenboys,AskTeenGirls
OnlineClasses,domyhomeworkforme,SchoolworkServices
PERSoNA,Persona5
SiegeAcademy,R6ProLeague
LDR,LongDistance
SaintSeiyaKOTZ,SSAwakening
ksi,Sidemen
StandUpComedy,Standup
Weddingsunder10k,weddingplanning,wedding
Windows10,windows
MTB,mountainbiking
sportsbook,sportsbetting
AsianBeauty,SkincareAddiction
Pmsforsale,Coins4Sale,PMsFeedback
RandomActsOfGaming,steam_giveaway
iOSProgramming,swift
JUSTNOFAMILY,JUSTNOMIL
hearthstone,wildhearthstone
Boruto,Naruto
chutyapa,pakistan
SeattleWA,Seattle
Drama,DeuxRAMA
airsoft,airsoftcirclejerk
BattlefieldV,BattlefieldCosmetics
boardgames,tabletopgamedesign
subaru,WRX
3Dprinting,ender3
DJs,Beatmatch
BmwTech,BMW
FundieSnark,DuggarsSnark
camping,CampingandHiking
lego,legostarwars
UnsentLetters,TrueOffMyChest,offmychest
books,booksuggestions,suggestmeabook
trees,weed
pathofexile,PathOfExileBuilds
GamingLaptops,SuggestALaptop,laptops
StateofDecay2,StateOfDecay
latterdaysaints,mormon,exmormon
astrology,AskAstrologers
Residency,medicalschool
australia,melbourne,sydney
Knife_Swap,knifeclub,knives
computer,computers
fasting,intermittentfasting
HollowKnightMemes,HollowKnight
nfl,nba
Cricket,AFL
MousepadReview,MouseReview
muacjdiscussion,BeautyGuruChatter
AnalogCommunity,analog
diabetes_t1,diabetes
CryptoAirdrop,airdrops
anime,manga
DebateAnAtheist,DebateReligion
90dayfianceuncensored,90DayFiance
HomeImprovement,DIY
hempflowers,CBDhempBuds
ULgeartrade,GearTrade
FFBraveExvius,FFBEblog
gaybros,gay
CasualUK,britishproblems
skyrim,skyrimmods
USMC,USMCboot
NBA2k,NBA2kTeamUp
privacytoolsIO,privacy
SWGOHRecruiting,swgoh_guilds
uber,uberdrivers
MonsterHunterWorld,MonsterHunter
